First Name;Last Name;Company Name;Role In Company;Address;E-Mail;Phone Number;
"Max";"Matthews";"Waterfront";"IT Specialist";"5935 the crescent";"mmatthews@waterfront.events";"95170953446";
"Darcey";"Bradley";"Burns & McDonnell";"Pharmacy Technician";"4444 alexander road";"dbradley@burns&mcdonnell.coffee";"63424032083";
"Austin";"Jenkins";"Cisco";"School Psychologist";"5825 kingsway";"ajenkins@cisco.racing";"14010128243";
"Owen";"Allen";"Acuity";"Dental Assistant";"1643 grange road";"oallen@acuity.lgbt";"67328295675";
"Ava";"Gill";"Baptist Health South Florida";"Painter";"4349 the crescent";"agill@baptisthealthsouthflorida.news";"33743990603";
"Dexter";"Cox";"Mars";"Computer Systems Administrator";"6865 church lane";"dcox@mars.site";"65817903797";
"Isabel";"Woods";"Children's Healthcare of Atlanta";"Web Developer";"9798 park lane";"iwoods@childrenshealthcareofatlanta.yoga";"57534821294";
"Oscar";"Cooper";"Waterfront";"Medical Secretary";"5833 the drive";"ocooper@waterfront.pet";"48916253997";
"Rory";"Berry";"VMware";"Web Developer";"5607 london road";"rberry@vmware.fund";"77105204942";
"Chloe";"Butler";"Acuity";"Software Developer";"5147 windsor road";"cbutler@acuity.finance";"49859627308";
"Lexi";"Burgess";"Scripps Health";"Massage Therapist";"5145 manchester road";"lburgess@scrippshealth.associates";"19830431826";
"Blake";"Harris";"Quicken Loans";"Bookkeepin";"1739 victoria street";"bharris@quickenloans.fm";"52704025520";
"Robyn";"Chapman";"Kimpton Hotels & Restaurants";"Landscaper & Groundskeeper";"5546 queens road";"rchapman@kimptonhotels&restaurants.education";"49932820852";
"Layla";"Hall";"Kimley-Horn";"Construction Worker";"8461 church lane";"lhall@kimley-horn.build";"58377825631";
"Mia";"Owen";"TDIndustries";"Scientist";"5848 new street";"mowen@tdindustries.florist";"76809498355";
"Jude";"Bird";"American Express";"Radiologic Technologist";"6665 albert road";"jbird@americanexpress.zone";"91831438979";
"Georgia";"Hunt";"Roche Diagnostics";"Bookkeepin";"1010 Dam Road";"ghunt@rochediagnostics.promo";"53033949802";
"Millie";"Carr";"Intuit";"Loan Officer";"6267 mill road";"mcarr@intuit.community";"35458147721";
"Henry";"Atkinson";"Acuity";"Executive Assistant";"9409 alexander road";"hatkinson@acuity.yoga";"36404347242";
"Jackson";"Bell";"Children's Healthcare of Atlanta";"Database Administrator";"2131 kings road";"jbell@childrenshealthcareofatlanta.blog";"13503258088";
